ordinal,kind,group,members,stratum,population
0,prototype,351772e45f59295414fac9664762e8ca13549f2c90eed11c443c6b54c7548a7b,1,1,74896
1,prototype,715fa4d5c308ff7fda09aeb25c59c78d8753f2ff7f2db400e36f5c3e36f99c24,1,1,74896
2,prototype,22d1b96e4eb67ec614dc238a5102425e92dc2eabdfcb52be50b9caf88b4f0d8a,1,1,74896
3,prototype,48fdd12c9cda995543bc6d12f7b9c286b7098392c71b49db068520b71ed6c38f,1,1,74896
4,prototype,a3d1dcbd3239484895ecf60de26c53edcf38081c632ef429fdfdeb8caadacb00,1,1,74896
5,prototype,9a324ba69c2c991ceb3f2387459e2e04bf89b5a0643964c54f372b81eaa47bb0,1,1,74896
6,prototype,9d9bcc7075fd277fecf1354e39b03b21480914211b01ad36e832110bd2bbdf3b,2,2,15054
7,prototype,46c836d020ca572df4ed2259a571fff9e7ccd3eccf49cc57475f10dcba00bf18,2,2,15054
8,prototype,e51a1fe9a0648c425975172ba3e7c716c283f48bbf3eddd4ddd5588ee626fe89,2,2,15054
9,prototype,043cf391f08df008ab3815e7aeeff32022294c638c895848ec38ef416f142619,2,2,15054
10,prototype,199d14a08a0d21a9474a0f0302ab62a42a32e40aca0967e4360ef2d051ce2d2e,2,2,15054
11,prototype,30f47a0c8a2b2f1be37fcf8d36a6c3280b2a10ae0abdd5229a5c6db67acc8142,2,2,15054
12,prototype,489245e0d43b80682c63ee9f2c8ac1fc151adb4aebca61af2d4fe5246bd9be93,3,3-5,10701
13,prototype,31becbab592d1e1bbbb5cc4f8862f81e091e5255405c92c4b82900e1892c7431,3,3-5,10701
14,prototype,9ce8402c2aaaab1096ab351b9aae9d7ff37730dda99190a5048cf2ef01722ab4,3,3-5,10701
15,prototype,f6b24679a9e991f7313e65e3db781143f2ff8afe0937f94a0c8cb86c516873c4,3,3-5,10701
16,prototype,d33f537e4ee1da3507e1bea16e8d79488662b69d87a7b7aeb17c4a826bb5f4dc,4,3-5,10701
17,prototype,8f24fd696a4a657fd77a740d74d0de0dababd890bd504ac9302e705da52c7a19,3,3-5,10701
18,prototype,31b06cfa5ba601bbf386e3740bc2f0e7a12e4f373c56d5242cccbd8f942238ed,7,6-20,4216
19,prototype,f2d71ae6d541364a2aa338101f7c3317cc61b6162352a4061b1a7a3f42b8e480,6,6-20,4216
20,prototype,7f3d08792685e53640e7f5fbbd86bb64e883f401a93e8740eb22a980556c0f9a,8,6-20,4216
21,prototype,4865bed285bce5d92e6d8c1504614f74da62cc7f34bc9774a0d2d04a9eed735f,8,6-20,4216
22,prototype,c520cb7d1f53a5ee50a1e7e2f2f0cd34d1be739a7fffad456e971bbb23d1a30b,25,21-150,390
23,prototype,51d72715b83054e146e497ac740c3c2adfe8d33ab528ecd1418f9d8cb9bcae27,34,21-150,390
24,prototype,21244771a0b532795e9f7de80c836aa7b5f3cf009f7a4809a71c21ced7e50892,25,21-150,390
25,prototype,70d33bc5adca577c3c9c2088c14970be42aeebfc93409fc50a531c8cc839af89,176,151+,19
26,prototype,a41ab34bfd56e0b02c4464eba3951fcdf99a0d357072fccdf4214986fdb55c78,177,151+,19
27,protostructure,a337dc08797a0f8c482e5e4734720e60ddaf4866a726aab72b0343612401a198,1,1,179096
28,protostructure,4f7712c5e7d0d5d8280a77b50fb2ea24612338861970bce4c96c5f3238bc090c,1,1,179096
29,protostructure,b81f8afea3ee56feb7527bca4a4ee942b57ee07ff73a1f0bc5125a7da425845b,1,1,179096
30,protostructure,fc139e2b52887b190343d1fcff25c6658ea61a9a6ed143e739923c16203f937a,1,1,179096
31,protostructure,cd3374036970bf68928241801bb12e37dffa643f515aac1e2b343ca4755bc24b,1,1,179096
32,protostructure,b390a248de5c1d08a2f76f335b9650cbb7e0dcf03ca28b533ae915ea11862f46,1,1,179096
33,protostructure,d4700a748cfa49edc397104044fa69b556b50727bfb6fbbcfa2ec01baca2521d,2,2,4984
34,protostructure,ef7ab0eb1b6dd8fedcb07113bf7f3eee336e285e404099525e3e0fd2a1f48806,2,2,4984
35,protostructure,49e640e047e50eae755cd5c0772ef182316487e8e70ec1f031ef1cb096c83245,2,2,4984
36,protostructure,ba127a9645376bd9413bd16a225a3d4b5423fad4afefd1ff1669b906118cbcec,2,2,4984
37,protostructure,fb232a99e45251d15ae18052932f0b2444ecfdd15cf5f053c2a7d5b207f49328,2,2,4984
38,protostructure,7745adae90b2832ed8017de12e4f160129baf8aaeebb9252d09c00990b1df593,2,2,4984
39,protostructure,6be313a99f4a7996a849c42239de1a6b107ff73fe9a54be1038c479d3fce571f,4,3-5,1502
40,protostructure,038c3a63168925f59eba2e21212cf111b8b8dd9d6209ee07b64d99837bc7d4be,4,3-5,1502
41,protostructure,14cba1a9c968ba21908d61c5f35fecad7321262ac9c51b75923508806091a39a,3,3-5,1502
42,protostructure,7fa5aaddcbd31deb23b39ade51b4316306f29fe6dda408f1ed5a8656c8f56d1f,4,3-5,1502
43,protostructure,f841706d65af1e932f62958c72fce5b9eeed72ff74662ab4c0702447a6dad773,5,3-5,1502
44,protostructure,e99243d8c0f675f1b3784864ea3fd5d12a726afb84ae50efbddc7baf1c1a7749,3,3-5,1502
45,protostructure,7163eec9f878f7e997c1ee5e0ae3a7d4cadda3092e3e4de5afc58f4644ee0915,14,6-20,569
46,protostructure,c1509118df2562bc84cfab981608acffc0891f547cfcac4520b8db9f8db7d857,9,6-20,569
47,protostructure,58924019fab0c0087568bf80e96410b51ca9f839b214e171e6c0e8529e6dff7b,12,6-20,569
48,protostructure,3c88e086c51d83029bab8b465c7fb0d1097a6c4b6beac1aea533239e82e79ca0,11,6-20,569
49,protostructure,f35bd564854c8b37a03743be2601382b43fc3e8e527dfb9601c0421fc74ac6da,42,21-150,64
50,protostructure,26ce64e3e2d5caa06b1502904dc33e43fd57d9bc06f0618f6e005ba76fc2b7ef,24,21-150,64
51,protostructure,a28e5aa5049f9fa7b862b5828f1fbf7dad2bf2bc9c89996c97c1e126bd355404,22,21-150,64
52,protostructure,a77e00648efc1a4b8da52d766a49ad3a595a77c4a292b49eca6ca768da32e396,184,151+,1
